<?xml version="1.0" encoding="UTF-8"?>
<project-private xmlns="http://www.netbeans.org/ns/project-private/1">
    <editor-bookmarks xmlns="http://www.netbeans.org/ns/editor-bookmarks/2" lastBookmarkId="0"/>
    <open-files xmlns="http://www.netbeans.org/ns/projectui-open-files/2">
        <group>
            <file>file:/C:/Users/LordObesus/Desktop/jsp/crud_JSP_UDC/crud_JSP_UDCCURSOS/src/java/co/edu/udc/devweb/DavidCastillo/modeloDAO/cursosdao.java</file>
            <file>file:/C:/Users/LordObesus/Desktop/jsp/crud_JSP_UDC/crud_JSP_UDCCURSOS/src/java/co/edu/devweb/actividad2/DavidCastillo/controlador/controlador.java</file>
            <file>file:/C:/Users/LordObesus/Desktop/jsp/crud_JSP_UDC/crud_JSP_UDCCURSOS/src/java/co/edu/udc/devweb/DavidCastillo/modelo/cursos.java</file>
            <file>file:/C:/Users/LordObesus/Desktop/jsp/crud_JSP_UDC/crud_JSP_UDCCURSOS/src/java/co/edu/udc/devweb/DavidCastillo/interfaces/crud_jsp.java</file>
        </group>
    </open-files>
</project-private>
